DEMO,new1,100
DEMO,new2,101
DEMO,new3,102
DEMO,new4,103
DEMO,new5,104
DEMO,new6,105
DEMO,new7,106
DEMO,new8,107
DEMO,new9,108
DEMO,new10,109
DEMO,new11,110
DEMO,new12,111
DEMO,new13,112
DEMO,new14,113
DEMO,new15,114
DEMO,new16,115
DEMO,new17,116
DEMO,new18,117
DEMO,new19,118
DEMO,new20,119
DEMO,new21,120
DEMO,new22,121
DEMO,new23,122
DEMO,new24,123
DEMO,new25,124
DEMO,new26,125
DEMO,new27,126
DEMO,new28,127
DEMO,new29,128
DEMO,new30,129
DEMO,new31,130
DEMO,new32,131
DEMO,new33,132
DEMO,new34,133
DEMO,new35,134
DEMO,new36,135
DEMO,new37,136
DEMO,new38,137
DEMO,new39,138
DEMO,new40,139
DEMO,new41,140
DEMO,new42,141
DEMO,new43,142
DEMO,new44,143
DEMO,new45,144
DEMO,new46,145
DEMO,new47,146
DEMO,new48,147
DEMO,new49,148
DEMO,new50,149
DEMO,new51,150
DEMO,new52,151
DEMO,new53,152
DEMO,new54,153
DEMO,new55,154
DEMO,new56,155
DEMO,new57,156
DEMO,new58,157
DEMO,new59,158
DEMO,new60,159
DEMO,new61,160
DEMO,new62,161
DEMO,new63,162
DEMO,new64,163
DEMO,new65,164
DEMO,new66,165
DEMO,new67,166
DEMO,new68,167
DEMO,new69,168
DEMO,new70,169
DEMO,new71,170
DEMO,new72,171
DEMO,new73,172
DEMO,new74,173
DEMO,new75,174
DEMO,new76,175
DEMO,new77,176
DEMO,new78,177
DEMO,new79,178
DEMO,new80,179
DEMO,new81,180
DEMO,new82,181
DEMO,new83,182
DEMO,new84,183
DEMO,new85,184
DEMO,new86,185
DEMO,new87,186
DEMO,new88,187
DEMO,new89,188
DEMO,new90,189
DEMO,new91,190
DEMO,new92,191
DEMO,new93,192
DEMO,new94,193
DEMO,new95,194
DEMO,new96,195
DEMO,new97,196
DEMO,new98,197
DEMO,new99,198
DEMO,new100,199
DEMO,new101,200
DEMO,new102,201
DEMO,new103,202
DEMO,new104,203
DEMO,new105,204
DEMO,new106,205
DEMO,new107,206
DEMO,new108,207
DEMO,new109,208
DEMO,new110,209
DEMO,new111,210
DEMO,new112,211
DEMO,new113,212
DEMO,new114,213
DEMO,new115,214
DEMO,new116,215
DEMO,new117,216
DEMO,new118,217
DEMO,new119,218
DEMO,new120,219
DEMO,new121,220
DEMO,new122,221
DEMO,new123,222
DEMO,new124,223
DEMO,new125,224
DEMO,new126,225
DEMO,new127,226
DEMO,new128,227
DEMO,new129,228
DEMO,new130,229
DEMO,new131,230
DEMO,new132,231
DEMO,new133,232
DEMO,new134,233
DEMO,new135,234
DEMO,new136,235
DEMO,new137,236
DEMO,new138,237
DEMO,new139,238
DEMO,new140,239
DEMO,new141,240
DEMO,new142,241
DEMO,new143,242
DEMO,new144,243
DEMO,new145,244
DEMO,new146,245
DEMO,new147,246
DEMO,new148,247
DEMO,new149,248
DEMO,new150,249
DEMO,new151,250
DEMO,new152,251
DEMO,new153,252
DEMO,new154,253
DEMO,new155,254
DEMO,new156,255
DEMO,new157,256
DEMO,new158,257
DEMO,new159,258
DEMO,new160,259
DEMO,new161,260
DEMO,new162,261
DEMO,new163,262
DEMO,new164,263
DEMO,new165,264
DEMO,new166,265
DEMO,new167,266
DEMO,new168,267
DEMO,new169,268
DEMO,new170,269
DEMO,new171,270
DEMO,new172,271
DEMO,new173,272
DEMO,new174,273
DEMO,new175,274
DEMO,new176,275
DEMO,new177,276
DEMO,new178,277
DEMO,new179,278
DEMO,new180,279
DEMO,new181,280
DEMO,new182,281
DEMO,new183,282
DEMO,new184,283
DEMO,new185,284
DEMO,new186,285
DEMO,new187,286
DEMO,new188,287
DEMO,new189,288
DEMO,new190,289
DEMO,new191,290
DEMO,new192,291
DEMO,new193,292
DEMO,new194,293
DEMO,new195,294
DEMO,new196,295
DEMO,new197,296
DEMO,new198,297
DEMO,new199,298
DEMO,new200,299
DEMO,new201,300
DEMO,new202,301
DEMO,new203,302
DEMO,new204,303
DEMO,new205,304
DEMO,new206,305
DEMO,new207,306
DEMO,new208,307
DEMO,new209,308
DEMO,new210,309
DEMO,new211,310
DEMO,new212,311
DEMO,new213,312
DEMO,new214,313
DEMO,new215,314
DEMO,new216,315
DEMO,new217,316
DEMO,new218,317
DEMO,new219,318
DEMO,new220,319
DEMO,new221,320
DEMO,new222,321
DEMO,new223,322
DEMO,new224,323
DEMO,new225,324
DEMO,new226,325
DEMO,new227,326
DEMO,new228,327
DEMO,new229,328
DEMO,new230,329
DEMO,new231,330
DEMO,new232,331
DEMO,new233,332
DEMO,new234,333
DEMO,new235,334
DEMO,new236,335
DEMO,new237,336
DEMO,new238,337
DEMO,new239,338
DEMO,new240,339
DEMO,new241,340
DEMO,new242,341
DEMO,new243,342
DEMO,new244,343
DEMO,new245,344
DEMO,new246,345
DEMO,new247,346
DEMO,new248,347
DEMO,new249,348
DEMO,new250,349
DEMO,new251,350
DEMO,new252,351
DEMO,new253,352
DEMO,new254,353
DEMO,new255,354
DEMO,new256,355
DEMO,new257,356
DEMO,new258,357
DEMO,new259,358
DEMO,new260,359
DEMO,new261,360
DEMO,new262,361
DEMO,new263,362
DEMO,new264,363
DEMO,new265,364
DEMO,new266,365
DEMO,new267,366
DEMO,new268,367
DEMO,new269,368
DEMO,new270,369
DEMO,new271,370
DEMO,new272,371
DEMO,new273,372
DEMO,new274,373
DEMO,new275,374
DEMO,new276,375
DEMO,new277,376
DEMO,new278,377
DEMO,new279,378
DEMO,new280,379
DEMO,new281,380
DEMO,new282,381
DEMO,new283,382
DEMO,new284,383
DEMO,new285,384
DEMO,new286,385
DEMO,new287,386
DEMO,new288,387
DEMO,new289,388
DEMO,new290,389
DEMO,new291,390
DEMO,new292,391
DEMO,new293,392
DEMO,new294,393
DEMO,new295,394
DEMO,new296,395
DEMO,new297,396
DEMO,new298,397
DEMO,new299,398
DEMO,new300,399
DEMO,new301,400
DEMO,new302,401
DEMO,new303,402
DEMO,new304,403
DEMO,new305,404
DEMO,new306,405
DEMO,new307,406
DEMO,new308,407
DEMO,new309,408
DEMO,new310,409
DEMO,new311,410
DEMO,new312,411
DEMO,new313,412
DEMO,new314,413
DEMO,new315,414
DEMO,new316,415
DEMO,new317,416
DEMO,new318,417
DEMO,new319,418
DEMO,new320,419
DEMO,new321,420
DEMO,new322,421
DEMO,new323,422
DEMO,new324,423
DEMO,new325,424
DEMO,new326,425
DEMO,new327,426
DEMO,new328,427
DEMO,new329,428
DEMO,new330,429
DEMO,new331,430
DEMO,new332,431
DEMO,new333,432
DEMO,new334,433
DEMO,new335,434
DEMO,new336,435
DEMO,new337,436
DEMO,new338,437
DEMO,new339,438
DEMO,new340,439
DEMO,new341,440
DEMO,new342,441
DEMO,new343,442
DEMO,new344,443
DEMO,new345,444
DEMO,new346,445
DEMO,new347,446
DEMO,new348,447
DEMO,new349,448
DEMO,new350,449
DEMO,new351,450
DEMO,new352,451
DEMO,new353,452
DEMO,new354,453
DEMO,new355,454
DEMO,new356,455
DEMO,new357,456
DEMO,new358,457
DEMO,new359,458
DEMO,new360,459
DEMO,new361,460
DEMO,new362,461
DEMO,new363,462
DEMO,new364,463
DEMO,new365,464
DEMO,new366,465
DEMO,new367,466
DEMO,new368,467
DEMO,new369,468
DEMO,new370,469
DEMO,new371,470
DEMO,new372,471
DEMO,new373,472
DEMO,new374,473
DEMO,new375,474
DEMO,new376,475
DEMO,new377,476
DEMO,new378,477
DEMO,new379,478
DEMO,new380,479
DEMO,new381,480
DEMO,new382,481
DEMO,new383,482
DEMO,new384,483
DEMO,new385,484
DEMO,new386,485
DEMO,new387,486
DEMO,new388,487
DEMO,new389,488
DEMO,new390,489
DEMO,new391,490
DEMO,new392,491
DEMO,new393,492
DEMO,new394,493
DEMO,new395,494
DEMO,new396,495
DEMO,new397,496
DEMO,new398,497
DEMO,new399,498
DEMO,new400,499
DEMO,new401,500
DEMO,new402,501
DEMO,new403,502
DEMO,new404,503
DEMO,new405,504
DEMO,new406,505
DEMO,new407,506
DEMO,new408,507
DEMO,new409,508
DEMO,new410,509
DEMO,new411,510
DEMO,new412,511
DEMO,new413,512
DEMO,new414,513
DEMO,new415,514
DEMO,new416,515
DEMO,new417,516
DEMO,new418,517
DEMO,new419,518
DEMO,new420,519
DEMO,new421,520
DEMO,new422,521
DEMO,new423,522
DEMO,new424,523
DEMO,new425,524
DEMO,new426,525
DEMO,new427,526
DEMO,new428,527
DEMO,new429,528
DEMO,new430,529
DEMO,new431,530
DEMO,new432,531
DEMO,new433,532
DEMO,new434,533
DEMO,new435,534
DEMO,new436,535
DEMO,new437,536
DEMO,new438,537
DEMO,new439,538
DEMO,new440,539
DEMO,new441,540
DEMO,new442,541
DEMO,new443,542
DEMO,new444,543
DEMO,new445,544
DEMO,new446,545
DEMO,new447,546
DEMO,new448,547
DEMO,new449,548
DEMO,new450,549
DEMO,new451,550
DEMO,new452,551
DEMO,new453,552
DEMO,new454,553
DEMO,new455,554
DEMO,new456,555
DEMO,new457,556
DEMO,new458,557
DEMO,new459,558
DEMO,new460,559
DEMO,new461,560
DEMO,new462,561
DEMO,new463,562
DEMO,new464,563
DEMO,new465,564
DEMO,new466,565
DEMO,new467,566
DEMO,new468,567
DEMO,new469,568
DEMO,new470,569
DEMO,new471,570
DEMO,new472,571
DEMO,new473,572
DEMO,new474,573
DEMO,new475,574
DEMO,new476,575
DEMO,new477,576
DEMO,new478,577
DEMO,new479,578
DEMO,new480,579
DEMO,new481,580
DEMO,new482,581
DEMO,new483,582
DEMO,new484,583
DEMO,new485,584
DEMO,new486,585
DEMO,new487,586
DEMO,new488,587
DEMO,new489,588
DEMO,new490,589
DEMO,new491,590
DEMO,new492,591
DEMO,new493,592
DEMO,new494,593
DEMO,new495,594
DEMO,new496,595
DEMO,new497,596
DEMO,new498,597
DEMO,new499,598
DEMO,new500,599
